{"cameraMode":{"drawMode":0,"name":"Shaded","section":"Shading Mode"},"sceneLighting":true,"audioPlay":false,"sceneViewState":{"m_AlwaysRefresh":false,"showFog":true,"showSkybox":true,"showFlares":true,"showImageEffects":true,"showParticleSystems":true,"showVisualEffectGraphs":true,"m_FxEnabled":true},"in2DMode":false,"pivot":{"x":2.686528205871582,"y":0.9339278340339661,"z":0.8176567554473877},"rotation":{"x":0.011812575161457062,"y":0.9868166446685791,"z":-0.13736356794834138,"w":0.08487895131111145},"size":1.3371162414550782,"orthographic":false}