{"cameraMode":{"drawMode":0,"name":"Shaded","section":"Shading Mode"},"sceneLighting":true,"audioPlay":false,"sceneViewState":{"m_AlwaysRefresh":false,"showFog":true,"showSkybox":true,"showFlares":true,"showImageEffects":true,"showParticleSystems":true,"showVisualEffectGraphs":true,"m_FxEnabled":true},"in2DMode":false,"pivot":{"x":1.461704969406128,"y":3.341496706008911,"z":5.094005107879639},"rotation":{"x":0.037912435829639438,"y":0.9147249460220337,"z":-0.3924769461154938,"w":0.08836260437965393},"size":0.007395029067993164,"orthographic":false}